"","bet","eig","res"
"1",2,1,-2.77555756156289e-17
"2",0,0.854637679718461,0.131275517509783
"3",0,0.854637679718461,0.131275517509784
"4",0,0.460811127189111,-0.262551035019567
